case_id,robot_id,procedure_type,case_start_ts,case_end_ts,duration_min,outcome
CASE_00001,OTTAVA_001,hernia_repair,2026-02-10 12:00:00,2026-02-10 13:39:00,99,success
CASE_00002,OTTAVA_007,hysterectomy,2026-03-09 17:00:00,2026-03-09 18:08:00,68,success
CASE_00003,OTTAVA_002,hernia_repair,2026-03-04 10:00:00,2026-03-04 13:25:00,205,success
CASE_00004,OTTAVA_007,cholecystectomy,2026-03-10 17:00:00,2026-03-10 17:56:00,56,success
CASE_00005,OTTAVA_003,colectomy,2026-02-22 19:00:00,2026-02-22 22:11:00,191,success
CASE_00006,OTTAVA_003,cholecystectomy,2026-03-08 11:00:00,2026-03-08 14:11:00,191,success
CASE_00007,OTTAVA_002,cholecystectomy,2026-02-21 20:00:00,2026-02-21 23:23:00,203,success
CASE_00008,OTTAVA_007,hysterectomy,2026-02-15 15:00:00,2026-02-15 17:44:00,164,success
CASE_00009,OTTAVA_004,cholecystectomy,2026-02-14 18:00:00,2026-02-14 21:43:00,223,success
CASE_00010,OTTAVA_005,hysterectomy,2026-02-23 13:00:00,2026-02-23 15:12:00,132,success
CASE_00011,OTTAVA_002,cholecystectomy,2026-03-08 12:00:00,2026-03-08 14:32:00,152,converted
CASE_00012,OTTAVA_003,hernia_repair,2026-02-10 13:00:00,2026-02-10 15:32:00,152,converted
CASE_00013,OTTAVA_002,colectomy,2026-02-15 12:00:00,2026-02-15 15:11:00,191,success
CASE_00014,OTTAVA_006,hysterectomy,2026-02-20 13:00:00,2026-02-20 16:13:00,193,success
CASE_00015,OTTAVA_002,hernia_repair,2026-03-03 13:00:00,2026-03-03 16:43:00,223,success
CASE_00016,OTTAVA_005,hysterectomy,2026-02-19 11:00:00,2026-02-19 14:39:00,219,success
CASE_00017,OTTAVA_007,hernia_repair,2026-02-11 10:00:00,2026-02-11 12:13:00,133,converted
CASE_00018,OTTAVA_006,hysterectomy,2026-03-06 11:00:00,2026-03-06 12:14:00,74,success
CASE_00019,OTTAVA_005,hysterectomy,2026-03-07 17:00:00,2026-03-07 19:26:00,146,converted
CASE_00020,OTTAVA_008,hysterectomy,2026-03-09 18:00:00,2026-03-09 20:39:00,159,success
CASE_00021,OTTAVA_003,colectomy,2026-02-13 14:00:00,2026-02-13 17:05:00,185,success
CASE_00022,OTTAVA_006,cholecystectomy,2026-02-18 14:00:00,2026-02-18 15:44:00,104,success
CASE_00023,OTTAVA_003,hernia_repair,2026-03-04 10:00:00,2026-03-04 11:44:00,104,success
CASE_00024,OTTAVA_003,cholecystectomy,2026-03-03 16:00:00,2026-03-03 16:46:00,46,success
CASE_00025,OTTAVA_006,cholecystectomy,2026-02-20 11:00:00,2026-02-20 13:06:00,126,success
CASE_00026,OTTAVA_001,hysterectomy,2026-02-25 10:00:00,2026-02-25 13:08:00,188,success
CASE_00027,OTTAVA_007,hysterectomy,2026-03-08 13:00:00,2026-03-08 16:27:00,207,success
CASE_00028,OTTAVA_002,hernia_repair,2026-03-05 13:00:00,2026-03-05 14:26:00,86,success
CASE_00029,OTTAVA_001,cholecystectomy,2026-03-08 20:00:00,2026-03-08 23:10:00,190,success
CASE_00030,OTTAVA_006,cholecystectomy,2026-02-20 20:00:00,2026-02-20 21:03:00,63,success
CASE_00031,OTTAVA_003,colectomy,2026-02-19 16:00:00,2026-02-19 18:13:00,133,success
CASE_00032,OTTAVA_002,hysterectomy,2026-02-12 13:00:00,2026-02-12 15:44:00,164,success
CASE_00033,OTTAVA_002,colectomy,2026-03-07 19:00:00,2026-03-07 22:56:00,236,success
CASE_00034,OTTAVA_008,hernia_repair,2026-02-13 18:00:00,2026-02-13 20:57:00,177,success
CASE_00035,OTTAVA_006,colectomy,2026-03-07 12:00:00,2026-03-07 12:51:00,51,converted
CASE_00036,OTTAVA_002,colectomy,2026-02-17 16:00:00,2026-02-17 18:57:00,177,converted
CASE_00037,OTTAVA_006,colectomy,2026-02-15 17:00:00,2026-02-15 20:01:00,181,success
CASE_00038,OTTAVA_004,cholecystectomy,2026-02-14 17:00:00,2026-02-14 19:27:00,147,success
CASE_00039,OTTAVA_008,colectomy,2026-02-28 20:00:00,2026-02-28 20:52:00,52,success
CASE_00040,OTTAVA_004,hysterectomy,2026-02-17 11:00:00,2026-02-17 13:13:00,133,converted
CASE_00041,OTTAVA_006,hernia_repair,2026-02-28 19:00:00,2026-02-28 20:41:00,101,success
CASE_00042,OTTAVA_004,hernia_repair,2026-03-01 17:00:00,2026-03-01 19:48:00,168,success
CASE_00043,OTTAVA_006,hernia_repair,2026-02-14 10:00:00,2026-02-14 11:06:00,66,converted
CASE_00044,OTTAVA_004,colectomy,2026-02-24 18:00:00,2026-02-24 20:36:00,156,success
CASE_00045,OTTAVA_007,hernia_repair,2026-02-25 14:00:00,2026-02-25 17:55:00,235,success
CASE_00046,OTTAVA_003,hysterectomy,2026-03-07 20:00:00,2026-03-07 21:23:00,83,converted
CASE_00047,OTTAVA_003,colectomy,2026-02-20 11:00:00,2026-02-20 13:46:00,166,success
CASE_00048,OTTAVA_003,hernia_repair,2026-03-11 20:00:00,2026-03-11 23:50:00,230,success
CASE_00049,OTTAVA_003,hernia_repair,2026-02-26 17:00:00,2026-02-26 18:39:00,99,success
CASE_00050,OTTAVA_005,colectomy,2026-02-23 17:00:00,2026-02-23 21:00:00,240,success
CASE_00051,OTTAVA_007,colectomy,2026-02-13 18:00:00,2026-02-13 19:00:00,60,converted
CASE_00052,OTTAVA_007,cholecystectomy,2026-02-13 12:00:00,2026-02-13 13:18:00,78,success
CASE_00053,OTTAVA_001,hernia_repair,2026-02-12 13:00:00,2026-02-12 14:31:00,91,converted
CASE_00054,OTTAVA_003,hernia_repair,2026-03-06 18:00:00,2026-03-06 20:46:00,166,success
CASE_00055,OTTAVA_006,hysterectomy,2026-02-18 12:00:00,2026-02-18 15:00:00,180,converted
CASE_00056,OTTAVA_002,cholecystectomy,2026-02-11 12:00:00,2026-02-11 12:59:00,59,success
CASE_00057,OTTAVA_001,hysterectomy,2026-02-15 19:00:00,2026-02-15 21:54:00,174,success
CASE_00058,OTTAVA_002,cholecystectomy,2026-02-25 15:00:00,2026-02-25 18:21:00,201,success
CASE_00059,OTTAVA_008,cholecystectomy,2026-02-23 12:00:00,2026-02-23 14:47:00,167,success
CASE_00060,OTTAVA_005,hysterectomy,2026-02-10 12:00:00,2026-02-10 13:36:00,96,success
CASE_00061,OTTAVA_002,hernia_repair,2026-02-27 13:00:00,2026-02-27 15:05:00,125,success
CASE_00062,OTTAVA_007,colectomy,2026-03-09 17:00:00,2026-03-09 20:36:00,216,converted
CASE_00063,OTTAVA_003,colectomy,2026-02-17 10:00:00,2026-02-17 13:34:00,214,success
CASE_00064,OTTAVA_003,hernia_repair,2026-02-25 17:00:00,2026-02-25 20:56:00,236,success
CASE_00065,OTTAVA_008,cholecystectomy,2026-03-06 10:00:00,2026-03-06 11:42:00,102,success
CASE_00066,OTTAVA_007,colectomy,2026-03-01 14:00:00,2026-03-01 15:35:00,95,success
CASE_00067,OTTAVA_006,hysterectomy,2026-03-11 15:00:00,2026-03-11 18:06:00,186,success
CASE_00068,OTTAVA_001,colectomy,2026-02-27 15:00:00,2026-02-27 17:57:00,177,success
CASE_00069,OTTAVA_002,hernia_repair,2026-03-08 17:00:00,2026-03-08 18:11:00,71,success
CASE_00070,OTTAVA_001,cholecystectomy,2026-02-11 18:00:00,2026-02-11 19:54:00,114,converted
CASE_00071,OTTAVA_005,hysterectomy,2026-02-27 18:00:00,2026-02-27 21:02:00,182,success
CASE_00072,OTTAVA_002,cholecystectomy,2026-03-03 20:00:00,2026-03-03 23:41:00,221,success
CASE_00073,OTTAVA_002,hernia_repair,2026-03-03 20:00:00,2026-03-03 23:27:00,207,converted
CASE_00074,OTTAVA_002,colectomy,2026-02-20 17:00:00,2026-02-20 18:02:00,62,converted
CASE_00075,OTTAVA_008,hysterectomy,2026-03-11 15:00:00,2026-03-11 18:06:00,186,converted
CASE_00076,OTTAVA_005,cholecystectomy,2026-02-20 18:00:00,2026-02-20 18:56:00,56,converted
CASE_00077,OTTAVA_003,cholecystectomy,2026-03-03 20:00:00,2026-03-03 21:31:00,91,converted
CASE_00078,OTTAVA_005,hysterectomy,2026-02-23 17:00:00,2026-02-23 18:59:00,119,success
CASE_00079,OTTAVA_003,colectomy,2026-03-03 15:00:00,2026-03-03 15:49:00,49,success
CASE_00080,OTTAVA_001,cholecystectomy,2026-02-16 12:00:00,2026-02-16 15:06:00,186,success
CASE_00081,OTTAVA_004,hysterectomy,2026-02-10 13:00:00,2026-02-10 14:12:00,72,success
CASE_00082,OTTAVA_007,cholecystectomy,2026-02-23 16:00:00,2026-02-23 19:41:00,221,converted
CASE_00083,OTTAVA_006,hysterectomy,2026-03-05 10:00:00,2026-03-05 11:20:00,80,converted
CASE_00084,OTTAVA_001,hernia_repair,2026-02-13 18:00:00,2026-02-13 18:48:00,48,success
CASE_00085,OTTAVA_005,hernia_repair,2026-02-26 18:00:00,2026-02-26 18:59:00,59,success
CASE_00086,OTTAVA_007,colectomy,2026-02-12 12:00:00,2026-02-12 15:36:00,216,success
CASE_00087,OTTAVA_005,cholecystectomy,2026-03-10 13:00:00,2026-03-10 14:32:00,92,success
CASE_00088,OTTAVA_001,colectomy,2026-03-03 15:00:00,2026-03-03 17:09:00,129,success
CASE_00089,OTTAVA_005,hernia_repair,2026-03-05 15:00:00,2026-03-05 16:31:00,91,success
CASE_00090,OTTAVA_002,cholecystectomy,2026-02-24 16:00:00,2026-02-24 18:53:00,173,success
CASE_00091,OTTAVA_001,cholecystectomy,2026-03-09 16:00:00,2026-03-09 17:07:00,67,success
CASE_00092,OTTAVA_001,colectomy,2026-02-27 20:00:00,2026-02-27 22:01:00,121,success
CASE_00093,OTTAVA_002,cholecystectomy,2026-02-21 12:00:00,2026-02-21 15:57:00,237,success
CASE_00094,OTTAVA_007,hysterectomy,2026-02-15 15:00:00,2026-02-15 18:49:00,229,success
CASE_00095,OTTAVA_003,hysterectomy,2026-03-10 12:00:00,2026-03-10 15:25:00,205,success
CASE_00096,OTTAVA_003,hernia_repair,2026-02-10 12:00:00,2026-02-10 15:57:00,237,converted
CASE_00097,OTTAVA_004,cholecystectomy,2026-03-09 20:00:00,2026-03-09 20:55:00,55,success
CASE_00098,OTTAVA_002,hernia_repair,2026-02-27 13:00:00,2026-02-27 16:07:00,187,success
CASE_00099,OTTAVA_004,hysterectomy,2026-02-24 16:00:00,2026-02-24 16:45:00,45,converted
CASE_00100,OTTAVA_002,hysterectomy,2026-02-18 12:00:00,2026-02-18 13:01:00,61,success
CASE_00101,OTTAVA_002,cholecystectomy,2026-02-12 16:00:00,2026-02-12 17:45:00,105,success
CASE_00102,OTTAVA_008,hysterectomy,2026-02-24 14:00:00,2026-02-24 15:04:00,64,converted
CASE_00103,OTTAVA_005,cholecystectomy,2026-02-15 20:00:00,2026-02-15 23:22:00,202,success
CASE_00104,OTTAVA_003,colectomy,2026-03-01 16:00:00,2026-03-01 19:31:00,211,success
CASE_00105,OTTAVA_003,hysterectomy,2026-03-11 13:00:00,2026-03-11 14:00:00,60,success
CASE_00106,OTTAVA_002,hysterectomy,2026-02-17 17:00:00,2026-02-17 20:37:00,217,success
CASE_00107,OTTAVA_005,hernia_repair,2026-02-25 13:00:00,2026-02-25 15:44:00,164,converted
CASE_00108,OTTAVA_004,hernia_repair,2026-03-02 19:00:00,2026-03-02 21:46:00,166,success
CASE_00109,OTTAVA_002,colectomy,2026-02-13 12:00:00,2026-02-13 14:40:00,160,success
CASE_00110,OTTAVA_004,cholecystectomy,2026-03-09 11:00:00,2026-03-09 12:08:00,68,success
CASE_00111,OTTAVA_005,colectomy,2026-02-28 18:00:00,2026-02-28 21:19:00,199,converted
CASE_00112,OTTAVA_006,hysterectomy,2026-03-04 13:00:00,2026-03-04 15:49:00,169,success
CASE_00113,OTTAVA_001,hysterectomy,2026-02-24 10:00:00,2026-02-24 12:40:00,160,success
CASE_00114,OTTAVA_003,colectomy,2026-02-26 15:00:00,2026-02-26 17:21:00,141,success
CASE_00115,OTTAVA_006,colectomy,2026-03-11 15:00:00,2026-03-11 18:57:00,237,converted
CASE_00116,OTTAVA_002,hernia_repair,2026-02-10 17:00:00,2026-02-10 20:47:00,227,converted
CASE_00117,OTTAVA_005,hysterectomy,2026-03-03 15:00:00,2026-03-03 16:01:00,61,success
CASE_00118,OTTAVA_002,colectomy,2026-02-28 14:00:00,2026-02-28 17:58:00,238,converted
CASE_00119,OTTAVA_005,colectomy,2026-03-08 20:00:00,2026-03-08 23:34:00,214,success
CASE_00120,OTTAVA_003,colectomy,2026-03-04 16:00:00,2026-03-04 18:36:00,156,success
CASE_00121,OTTAVA_006,hysterectomy,2026-02-14 14:00:00,2026-02-14 14:52:00,52,converted
CASE_00122,OTTAVA_004,hysterectomy,2026-02-16 19:00:00,2026-02-16 19:57:00,57,success
CASE_00123,OTTAVA_003,hernia_repair,2026-02-19 16:00:00,2026-02-19 18:49:00,169,converted
CASE_00124,OTTAVA_003,colectomy,2026-03-06 13:00:00,2026-03-06 15:31:00,151,success
CASE_00125,OTTAVA_005,hysterectomy,2026-02-16 10:00:00,2026-02-16 11:51:00,111,success
CASE_00126,OTTAVA_005,hysterectomy,2026-02-24 12:00:00,2026-02-24 15:36:00,216,success
CASE_00127,OTTAVA_003,hysterectomy,2026-03-09 17:00:00,2026-03-09 19:53:00,173,success
CASE_00128,OTTAVA_008,hysterectomy,2026-02-10 15:00:00,2026-02-10 18:59:00,239,success
CASE_00129,OTTAVA_004,colectomy,2026-03-04 19:00:00,2026-03-04 20:29:00,89,success
CASE_00130,OTTAVA_006,cholecystectomy,2026-03-04 15:00:00,2026-03-04 16:51:00,111,converted
CASE_00131,OTTAVA_007,cholecystectomy,2026-02-27 14:00:00,2026-02-27 17:55:00,235,success
CASE_00132,OTTAVA_006,colectomy,2026-02-15 20:00:00,2026-02-15 22:52:00,172,success
CASE_00133,OTTAVA_006,cholecystectomy,2026-03-07 10:00:00,2026-03-07 12:53:00,173,success
CASE_00134,OTTAVA_004,hysterectomy,2026-02-27 14:00:00,2026-02-27 17:30:00,210,success
CASE_00135,OTTAVA_005,hernia_repair,2026-02-12 20:00:00,2026-02-12 21:17:00,77,success
CASE_00136,OTTAVA_008,hernia_repair,2026-02-21 13:00:00,2026-02-21 13:45:00,45,success
CASE_00137,OTTAVA_008,cholecystectomy,2026-02-25 17:00:00,2026-02-25 18:12:00,72,success
CASE_00138,OTTAVA_002,hysterectomy,2026-02-13 10:00:00,2026-02-13 14:00:00,240,success
CASE_00139,OTTAVA_001,hernia_repair,2026-03-11 18:00:00,2026-03-11 19:44:00,104,success
CASE_00140,OTTAVA_005,hysterectomy,2026-03-07 10:00:00,2026-03-07 11:49:00,109,success
CASE_00141,OTTAVA_002,cholecystectomy,2026-03-08 19:00:00,2026-03-08 21:01:00,121,success
CASE_00142,OTTAVA_004,hernia_repair,2026-02-14 11:00:00,2026-02-14 11:45:00,45,success
CASE_00143,OTTAVA_008,cholecystectomy,2026-03-03 15:00:00,2026-03-03 18:30:00,210,success
CASE_00144,OTTAVA_004,hysterectomy,2026-02-22 17:00:00,2026-02-22 17:52:00,52,success
CASE_00145,OTTAVA_005,hysterectomy,2026-03-10 20:00:00,2026-03-10 21:34:00,94,converted
CASE_00146,OTTAVA_007,hysterectomy,2026-03-09 16:00:00,2026-03-09 17:43:00,103,converted
CASE_00147,OTTAVA_004,colectomy,2026-02-24 20:00:00,2026-02-24 23:43:00,223,success
CASE_00148,OTTAVA_006,hernia_repair,2026-02-18 14:00:00,2026-02-18 15:35:00,95,converted
CASE_00149,OTTAVA_002,colectomy,2026-03-05 13:00:00,2026-03-05 14:36:00,96,converted
CASE_00150,OTTAVA_004,colectomy,2026-03-04 13:00:00,2026-03-04 14:41:00,101,converted
CASE_00151,OTTAVA_005,cholecystectomy,2026-03-08 11:00:00,2026-03-08 13:51:00,171,converted
CASE_00152,OTTAVA_008,cholecystectomy,2026-02-26 10:00:00,2026-02-26 10:59:00,59,converted
CASE_00153,OTTAVA_001,cholecystectomy,2026-03-05 20:00:00,2026-03-05 23:17:00,197,success
CASE_00154,OTTAVA_001,colectomy,2026-03-06 14:00:00,2026-03-06 16:40:00,160,success
CASE_00155,OTTAVA_002,cholecystectomy,2026-02-10 18:00:00,2026-02-10 20:09:00,129,success
CASE_00156,OTTAVA_008,hysterectomy,2026-03-10 16:00:00,2026-03-10 19:35:00,215,converted
CASE_00157,OTTAVA_006,hernia_repair,2026-02-25 18:00:00,2026-02-25 19:12:00,72,success
CASE_00158,OTTAVA_002,cholecystectomy,2026-02-28 14:00:00,2026-02-28 15:16:00,76,success
CASE_00159,OTTAVA_005,hernia_repair,2026-02-13 14:00:00,2026-02-13 15:07:00,67,success
CASE_00160,OTTAVA_004,cholecystectomy,2026-02-28 12:00:00,2026-02-28 14:39:00,159,success
CASE_00161,OTTAVA_008,cholecystectomy,2026-03-11 10:00:00,2026-03-11 12:30:00,150,converted
CASE_00162,OTTAVA_007,hysterectomy,2026-03-10 14:00:00,2026-03-10 14:53:00,53,success
CASE_00163,OTTAVA_001,hernia_repair,2026-03-03 17:00:00,2026-03-03 20:56:00,236,converted
CASE_00164,OTTAVA_006,hernia_repair,2026-02-28 16:00:00,2026-02-28 18:10:00,130,success
CASE_00165,OTTAVA_006,hernia_repair,2026-02-10 16:00:00,2026-02-10 18:01:00,121,success
CASE_00166,OTTAVA_002,hysterectomy,2026-03-11 17:00:00,2026-03-11 18:12:00,72,success
CASE_00167,OTTAVA_008,hysterectomy,2026-02-15 14:00:00,2026-02-15 15:49:00,109,converted
CASE_00168,OTTAVA_003,hernia_repair,2026-02-10 13:00:00,2026-02-10 14:31:00,91,converted
CASE_00169,OTTAVA_005,cholecystectomy,2026-02-13 18:00:00,2026-02-13 21:20:00,200,success
CASE_00170,OTTAVA_006,hernia_repair,2026-02-25 15:00:00,2026-02-25 18:17:00,197,success
CASE_00171,OTTAVA_007,hysterectomy,2026-02-15 18:00:00,2026-02-15 19:48:00,108,success
CASE_00172,OTTAVA_001,colectomy,2026-02-24 12:00:00,2026-02-24 15:04:00,184,success
CASE_00173,OTTAVA_007,colectomy,2026-02-11 19:00:00,2026-02-11 20:03:00,63,success
CASE_00174,OTTAVA_004,hysterectomy,2026-03-08 14:00:00,2026-03-08 16:52:00,172,success
CASE_00175,OTTAVA_003,cholecystectomy,2026-02-26 13:00:00,2026-02-26 16:23:00,203,success
CASE_00176,OTTAVA_002,colectomy,2026-02-15 16:00:00,2026-02-15 18:00:00,120,success
CASE_00177,OTTAVA_006,hysterectomy,2026-03-03 16:00:00,2026-03-03 17:35:00,95,success
CASE_00178,OTTAVA_004,cholecystectomy,2026-03-04 18:00:00,2026-03-04 19:57:00,117,success
CASE_00179,OTTAVA_007,cholecystectomy,2026-03-03 17:00:00,2026-03-03 19:54:00,174,success
CASE_00180,OTTAVA_002,hernia_repair,2026-02-19 13:00:00,2026-02-19 13:54:00,54,success
CASE_00181,OTTAVA_004,hernia_repair,2026-02-13 13:00:00,2026-02-13 15:20:00,140,converted
CASE_00182,OTTAVA_004,cholecystectomy,2026-03-08 20:00:00,2026-03-08 21:33:00,93,converted
CASE_00183,OTTAVA_006,colectomy,2026-02-23 18:00:00,2026-02-23 20:39:00,159,converted
CASE_00184,OTTAVA_001,colectomy,2026-03-08 10:00:00,2026-03-08 13:17:00,197,success
CASE_00185,OTTAVA_006,cholecystectomy,2026-03-01 18:00:00,2026-03-01 18:56:00,56,converted
CASE_00186,OTTAVA_001,hernia_repair,2026-02-20 10:00:00,2026-02-20 11:37:00,97,converted
CASE_00187,OTTAVA_007,colectomy,2026-02-18 15:00:00,2026-02-18 16:32:00,92,success
CASE_00188,OTTAVA_001,hysterectomy,2026-02-14 13:00:00,2026-02-14 16:05:00,185,success
CASE_00189,OTTAVA_002,cholecystectomy,2026-02-14 14:00:00,2026-02-14 17:34:00,214,success
CASE_00190,OTTAVA_002,colectomy,2026-02-19 18:00:00,2026-02-19 20:26:00,146,success
CASE_00191,OTTAVA_005,hernia_repair,2026-02-18 16:00:00,2026-02-18 18:31:00,151,success
CASE_00192,OTTAVA_006,colectomy,2026-02-26 14:00:00,2026-02-26 14:49:00,49,success
CASE_00193,OTTAVA_007,hernia_repair,2026-02-16 14:00:00,2026-02-16 15:37:00,97,success
CASE_00194,OTTAVA_003,hysterectomy,2026-02-26 19:00:00,2026-02-26 20:08:00,68,success
CASE_00195,OTTAVA_006,hernia_repair,2026-02-25 18:00:00,2026-02-25 19:18:00,78,success
CASE_00196,OTTAVA_003,colectomy,2026-02-19 14:00:00,2026-02-19 15:07:00,67,success
CASE_00197,OTTAVA_003,cholecystectomy,2026-03-07 15:00:00,2026-03-07 16:57:00,117,success
CASE_00198,OTTAVA_002,cholecystectomy,2026-03-08 14:00:00,2026-03-08 16:50:00,170,success
CASE_00199,OTTAVA_001,hernia_repair,2026-02-10 13:00:00,2026-02-10 15:05:00,125,success
CASE_00200,OTTAVA_007,cholecystectomy,2026-03-09 11:00:00,2026-03-09 14:41:00,221,success
CASE_00201,OTTAVA_004,cholecystectomy,2026-02-20 14:00:00,2026-02-20 17:22:00,202,converted
CASE_00202,OTTAVA_003,hysterectomy,2026-02-21 17:00:00,2026-02-21 17:55:00,55,converted
CASE_00203,OTTAVA_003,cholecystectomy,2026-02-27 15:00:00,2026-02-27 16:16:00,76,success
CASE_00204,OTTAVA_004,hernia_repair,2026-03-10 12:00:00,2026-03-10 15:58:00,238,success
CASE_00205,OTTAVA_006,hysterectomy,2026-03-08 14:00:00,2026-03-08 17:18:00,198,success
CASE_00206,OTTAVA_005,cholecystectomy,2026-02-19 14:00:00,2026-02-19 16:03:00,123,success
CASE_00207,OTTAVA_006,cholecystectomy,2026-02-25 12:00:00,2026-02-25 14:37:00,157,success
CASE_00208,OTTAVA_008,hysterectomy,2026-02-25 17:00:00,2026-02-25 19:39:00,159,converted
CASE_00209,OTTAVA_008,cholecystectomy,2026-02-27 19:00:00,2026-02-27 20:02:00,62,success
CASE_00210,OTTAVA_006,hernia_repair,2026-03-09 13:00:00,2026-03-09 15:54:00,174,success
CASE_00211,OTTAVA_003,hernia_repair,2026-03-09 15:00:00,2026-03-09 18:49:00,229,success
CASE_00212,OTTAVA_007,hernia_repair,2026-02-19 18:00:00,2026-02-19 18:51:00,51,converted
CASE_00213,OTTAVA_002,colectomy,2026-03-05 18:00:00,2026-03-05 20:50:00,170,converted
CASE_00214,OTTAVA_003,colectomy,2026-02-18 17:00:00,2026-02-18 18:01:00,61,success
CASE_00215,OTTAVA_005,colectomy,2026-03-06 15:00:00,2026-03-06 18:22:00,202,converted
CASE_00216,OTTAVA_008,hysterectomy,2026-03-07 16:00:00,2026-03-07 18:53:00,173,success
CASE_00217,OTTAVA_005,colectomy,2026-02-20 12:00:00,2026-02-20 13:45:00,105,success
CASE_00218,OTTAVA_004,colectomy,2026-03-06 14:00:00,2026-03-06 15:26:00,86,success
CASE_00219,OTTAVA_007,hernia_repair,2026-03-06 16:00:00,2026-03-06 17:14:00,74,success
CASE_00220,OTTAVA_006,hernia_repair,2026-02-12 13:00:00,2026-02-12 16:07:00,187,success
CASE_00221,OTTAVA_007,hysterectomy,2026-02-16 15:00:00,2026-02-16 16:52:00,112,converted
CASE_00222,OTTAVA_003,hernia_repair,2026-02-28 15:00:00,2026-02-28 19:00:00,240,success
CASE_00223,OTTAVA_003,colectomy,2026-02-20 20:00:00,2026-02-20 22:00:00,120,success
CASE_00224,OTTAVA_006,hernia_repair,2026-02-16 20:00:00,2026-02-16 23:56:00,236,success
CASE_00225,OTTAVA_005,hysterectomy,2026-02-20 10:00:00,2026-02-20 12:35:00,155,success
CASE_00226,OTTAVA_001,hernia_repair,2026-03-07 13:00:00,2026-03-07 14:43:00,103,success
CASE_00227,OTTAVA_001,hernia_repair,2026-02-21 15:00:00,2026-02-21 17:02:00,122,success
CASE_00228,OTTAVA_004,cholecystectomy,2026-02-26 11:00:00,2026-02-26 13:02:00,122,success
CASE_00229,OTTAVA_008,cholecystectomy,2026-03-06 18:00:00,2026-03-06 18:48:00,48,success
CASE_00230,OTTAVA_008,cholecystectomy,2026-03-08 19:00:00,2026-03-08 22:28:00,208,converted
CASE_00231,OTTAVA_005,hernia_repair,2026-02-27 16:00:00,2026-02-27 16:47:00,47,success
CASE_00232,OTTAVA_006,hysterectomy,2026-02-20 10:00:00,2026-02-20 13:13:00,193,success
CASE_00233,OTTAVA_008,hernia_repair,2026-03-04 18:00:00,2026-03-04 18:45:00,45,success
CASE_00234,OTTAVA_001,cholecystectomy,2026-02-27 18:00:00,2026-02-27 19:45:00,105,success
CASE_00235,OTTAVA_002,cholecystectomy,2026-03-11 11:00:00,2026-03-11 14:06:00,186,success
CASE_00236,OTTAVA_004,hysterectomy,2026-02-23 11:00:00,2026-02-23 14:29:00,209,converted
CASE_00237,OTTAVA_003,colectomy,2026-02-23 16:00:00,2026-02-23 17:01:00,61,success
CASE_00238,OTTAVA_008,hysterectomy,2026-02-17 12:00:00,2026-02-17 12:46:00,46,converted
CASE_00239,OTTAVA_008,cholecystectomy,2026-03-09 10:00:00,2026-03-09 12:40:00,160,success
CASE_00240,OTTAVA_002,hernia_repair,2026-03-03 17:00:00,2026-03-03 20:29:00,209,success
CASE_00241,OTTAVA_005,hysterectomy,2026-02-17 20:00:00,2026-02-17 21:53:00,113,success
CASE_00242,OTTAVA_005,hernia_repair,2026-03-02 10:00:00,2026-03-02 11:40:00,100,converted
CASE_00243,OTTAVA_001,cholecystectomy,2026-03-06 16:00:00,2026-03-06 17:45:00,105,converted
CASE_00244,OTTAVA_006,cholecystectomy,2026-03-05 14:00:00,2026-03-05 16:09:00,129,success
CASE_00245,OTTAVA_008,hernia_repair,2026-02-24 12:00:00,2026-02-24 15:43:00,223,converted
CASE_00246,OTTAVA_007,colectomy,2026-02-16 17:00:00,2026-02-16 20:11:00,191,converted
CASE_00247,OTTAVA_007,cholecystectomy,2026-02-20 11:00:00,2026-02-20 12:04:00,64,success
CASE_00248,OTTAVA_001,cholecystectomy,2026-03-08 19:00:00,2026-03-08 22:24:00,204,success
CASE_00249,OTTAVA_003,hernia_repair,2026-02-17 20:00:00,2026-02-17 20:52:00,52,success
CASE_00250,OTTAVA_001,hernia_repair,2026-02-17 19:00:00,2026-02-17 22:53:00,233,success
CASE_00251,OTTAVA_006,hernia_repair,2026-03-05 12:00:00,2026-03-05 15:35:00,215,converted
CASE_00252,OTTAVA_007,cholecystectomy,2026-03-08 17:00:00,2026-03-08 18:37:00,97,success
CASE_00253,OTTAVA_001,colectomy,2026-02-12 10:00:00,2026-02-12 11:07:00,67,success
CASE_00254,OTTAVA_003,colectomy,2026-03-08 10:00:00,2026-03-08 11:37:00,97,success
CASE_00255,OTTAVA_007,colectomy,2026-03-03 20:00:00,2026-03-03 22:14:00,134,converted
CASE_00256,OTTAVA_001,hysterectomy,2026-02-17 15:00:00,2026-02-17 17:07:00,127,converted
CASE_00257,OTTAVA_001,hysterectomy,2026-02-14 14:00:00,2026-02-14 14:52:00,52,success
CASE_00258,OTTAVA_002,hernia_repair,2026-02-28 13:00:00,2026-02-28 16:45:00,225,success
CASE_00259,OTTAVA_004,colectomy,2026-02-17 19:00:00,2026-02-17 22:12:00,192,success
CASE_00260,OTTAVA_001,hernia_repair,2026-02-23 17:00:00,2026-02-23 18:58:00,118,success
CASE_00261,OTTAVA_008,cholecystectomy,2026-03-08 13:00:00,2026-03-08 16:42:00,222,converted
CASE_00262,OTTAVA_006,cholecystectomy,2026-02-13 12:00:00,2026-02-13 13:51:00,111,success
CASE_00263,OTTAVA_004,cholecystectomy,2026-02-17 17:00:00,2026-02-17 19:52:00,172,success
CASE_00264,OTTAVA_002,colectomy,2026-02-24 12:00:00,2026-02-24 13:11:00,71,success
CASE_00265,OTTAVA_007,hernia_repair,2026-02-10 14:00:00,2026-02-10 17:55:00,235,success
CASE_00266,OTTAVA_001,colectomy,2026-02-28 17:00:00,2026-02-28 19:02:00,122,success
CASE_00267,OTTAVA_003,hysterectomy,2026-02-27 10:00:00,2026-02-27 11:44:00,104,success
CASE_00268,OTTAVA_001,cholecystectomy,2026-02-28 11:00:00,2026-02-28 13:08:00,128,converted
CASE_00269,OTTAVA_008,colectomy,2026-02-18 12:00:00,2026-02-18 15:54:00,234,success
CASE_00270,OTTAVA_008,cholecystectomy,2026-02-17 16:00:00,2026-02-17 19:13:00,193,success
CASE_00271,OTTAVA_008,cholecystectomy,2026-02-19 17:00:00,2026-02-19 19:54:00,174,success
CASE_00272,OTTAVA_003,colectomy,2026-02-16 18:00:00,2026-02-16 19:48:00,108,success
CASE_00273,OTTAVA_006,cholecystectomy,2026-03-06 17:00:00,2026-03-06 19:08:00,128,success
CASE_00274,OTTAVA_002,cholecystectomy,2026-03-06 10:00:00,2026-03-06 11:11:00,71,success
CASE_00275,OTTAVA_003,colectomy,2026-02-14 16:00:00,2026-02-14 19:52:00,232,success
CASE_00276,OTTAVA_004,colectomy,2026-03-08 10:00:00,2026-03-08 11:12:00,72,success
CASE_00277,OTTAVA_007,hysterectomy,2026-02-25 20:00:00,2026-02-25 20:48:00,48,converted
CASE_00278,OTTAVA_007,colectomy,2026-02-17 17:00:00,2026-02-17 19:53:00,173,success
CASE_00279,OTTAVA_003,hysterectomy,2026-03-03 11:00:00,2026-03-03 14:53:00,233,success
CASE_00280,OTTAVA_004,hysterectomy,2026-02-10 14:00:00,2026-02-10 17:44:00,224,converted
CASE_00281,OTTAVA_004,hernia_repair,2026-02-18 18:00:00,2026-02-18 21:29:00,209,success
CASE_00282,OTTAVA_006,hernia_repair,2026-03-03 10:00:00,2026-03-03 13:44:00,224,converted
CASE_00283,OTTAVA_004,cholecystectomy,2026-02-14 14:00:00,2026-02-14 17:47:00,227,success
CASE_00284,OTTAVA_007,hysterectomy,2026-02-24 13:00:00,2026-02-24 13:50:00,50,success
CASE_00285,OTTAVA_003,hernia_repair,2026-02-11 10:00:00,2026-02-11 12:08:00,128,success
CASE_00286,OTTAVA_008,colectomy,2026-02-10 19:00:00,2026-02-10 19:54:00,54,success
CASE_00287,OTTAVA_003,colectomy,2026-02-17 17:00:00,2026-02-17 19:57:00,177,success
CASE_00288,OTTAVA_008,hysterectomy,2026-02-22 17:00:00,2026-02-22 20:48:00,228,success
CASE_00289,OTTAVA_006,hysterectomy,2026-02-23 15:00:00,2026-02-23 17:30:00,150,success
CASE_00290,OTTAVA_003,hernia_repair,2026-02-27 12:00:00,2026-02-27 16:00:00,240,success
CASE_00291,OTTAVA_006,colectomy,2026-02-19 20:00:00,2026-02-19 21:49:00,109,success
CASE_00292,OTTAVA_001,hysterectomy,2026-03-11 19:00:00,2026-03-11 21:32:00,152,success
CASE_00293,OTTAVA_006,cholecystectomy,2026-02-21 16:00:00,2026-02-21 17:12:00,72,success
CASE_00294,OTTAVA_007,hysterectomy,2026-02-23 17:00:00,2026-02-23 19:25:00,145,success
CASE_00295,OTTAVA_003,cholecystectomy,2026-02-10 19:00:00,2026-02-10 22:27:00,207,success
CASE_00296,OTTAVA_004,hysterectomy,2026-02-13 18:00:00,2026-02-13 20:15:00,135,success
CASE_00297,OTTAVA_005,cholecystectomy,2026-02-15 12:00:00,2026-02-15 15:31:00,211,converted
CASE_00298,OTTAVA_008,hysterectomy,2026-02-28 17:00:00,2026-02-28 18:53:00,113,success
CASE_00299,OTTAVA_007,hernia_repair,2026-02-18 18:00:00,2026-02-18 20:48:00,168,converted
CASE_00300,OTTAVA_005,colectomy,2026-02-28 17:00:00,2026-02-28 20:32:00,212,success
CASE_00301,OTTAVA_008,hernia_repair,2026-02-26 11:00:00,2026-02-26 14:28:00,208,success
CASE_00302,OTTAVA_006,hernia_repair,2026-03-07 16:00:00,2026-03-07 18:23:00,143,success
CASE_00303,OTTAVA_006,colectomy,2026-02-14 18:00:00,2026-02-14 21:00:00,180,success
CASE_00304,OTTAVA_001,hernia_repair,2026-02-18 20:00:00,2026-02-18 21:38:00,98,success
CASE_00305,OTTAVA_005,cholecystectomy,2026-02-20 19:00:00,2026-02-20 22:13:00,193,converted
CASE_00306,OTTAVA_003,cholecystectomy,2026-02-15 13:00:00,2026-02-15 15:13:00,133,success
CASE_00307,OTTAVA_007,hernia_repair,2026-02-14 12:00:00,2026-02-14 13:27:00,87,success
CASE_00308,OTTAVA_005,cholecystectomy,2026-03-05 13:00:00,2026-03-05 16:42:00,222,success
CASE_00309,OTTAVA_008,hernia_repair,2026-02-18 19:00:00,2026-02-18 22:07:00,187,success
CASE_00310,OTTAVA_004,hysterectomy,2026-02-13 18:00:00,2026-02-13 20:46:00,166,success
CASE_00311,OTTAVA_008,hysterectomy,2026-02-25 18:00:00,2026-02-25 21:44:00,224,success
CASE_00312,OTTAVA_003,hernia_repair,2026-02-22 11:00:00,2026-02-22 14:53:00,233,success
CASE_00313,OTTAVA_006,colectomy,2026-02-25 11:00:00,2026-02-25 13:52:00,172,converted
CASE_00314,OTTAVA_006,hernia_repair,2026-02-26 14:00:00,2026-02-26 17:38:00,218,success
CASE_00315,OTTAVA_006,hernia_repair,2026-02-19 10:00:00,2026-02-19 10:52:00,52,success
CASE_00316,OTTAVA_006,hysterectomy,2026-02-14 19:00:00,2026-02-14 21:55:00,175,success
CASE_00317,OTTAVA_003,hysterectomy,2026-03-10 17:00:00,2026-03-10 20:48:00,228,success
CASE_00318,OTTAVA_006,colectomy,2026-03-08 10:00:00,2026-03-08 12:18:00,138,success
CASE_00319,OTTAVA_004,hysterectomy,2026-03-02 14:00:00,2026-03-02 16:12:00,132,success
CASE_00320,OTTAVA_001,colectomy,2026-02-13 16:00:00,2026-02-13 17:59:00,119,converted
CASE_00321,OTTAVA_007,colectomy,2026-03-01 12:00:00,2026-03-01 13:54:00,114,converted
CASE_00322,OTTAVA_008,cholecystectomy,2026-02-14 19:00:00,2026-02-14 21:09:00,129,success
CASE_00323,OTTAVA_005,hernia_repair,2026-03-07 11:00:00,2026-03-07 14:27:00,207,converted
CASE_00324,OTTAVA_001,hernia_repair,2026-02-27 12:00:00,2026-02-27 14:28:00,148,success
CASE_00325,OTTAVA_002,hysterectomy,2026-03-11 20:00:00,2026-03-11 21:33:00,93,success
CASE_00326,OTTAVA_001,hysterectomy,2026-02-14 12:00:00,2026-02-14 15:04:00,184,success
CASE_00327,OTTAVA_002,hysterectomy,2026-03-05 20:00:00,2026-03-05 23:35:00,215,success
CASE_00328,OTTAVA_003,hernia_repair,2026-03-08 10:00:00,2026-03-08 11:31:00,91,success
CASE_00329,OTTAVA_002,colectomy,2026-02-10 10:00:00,2026-02-10 10:48:00,48,converted
CASE_00330,OTTAVA_003,colectomy,2026-02-14 16:00:00,2026-02-14 19:08:00,188,converted
CASE_00331,OTTAVA_003,hernia_repair,2026-02-26 20:00:00,2026-02-26 22:06:00,126,success
CASE_00332,OTTAVA_001,hernia_repair,2026-02-24 11:00:00,2026-02-24 13:58:00,178,converted
CASE_00333,OTTAVA_007,hernia_repair,2026-02-21 14:00:00,2026-02-21 16:39:00,159,success
CASE_00334,OTTAVA_007,cholecystectomy,2026-02-20 11:00:00,2026-02-20 14:33:00,213,success
CASE_00335,OTTAVA_007,hysterectomy,2026-02-22 19:00:00,2026-02-22 20:06:00,66,success
CASE_00336,OTTAVA_003,hernia_repair,2026-02-19 20:00:00,2026-02-19 22:34:00,154,success
CASE_00337,OTTAVA_002,hernia_repair,2026-02-12 19:00:00,2026-02-12 20:40:00,100,success
CASE_00338,OTTAVA_001,hysterectomy,2026-03-03 11:00:00,2026-03-03 12:47:00,107,success
CASE_00339,OTTAVA_003,cholecystectomy,2026-02-10 20:00:00,2026-02-10 22:18:00,138,success
CASE_00340,OTTAVA_002,hysterectomy,2026-03-02 10:00:00,2026-03-02 13:07:00,187,success
CASE_00341,OTTAVA_005,hernia_repair,2026-02-10 20:00:00,2026-02-10 23:48:00,228,success
CASE_00342,OTTAVA_001,hernia_repair,2026-02-11 10:00:00,2026-02-11 13:40:00,220,success
CASE_00343,OTTAVA_005,hysterectomy,2026-02-16 11:00:00,2026-02-16 12:27:00,87,success
CASE_00344,OTTAVA_006,hysterectomy,2026-02-28 11:00:00,2026-02-28 14:51:00,231,success
CASE_00345,OTTAVA_003,cholecystectomy,2026-03-07 19:00:00,2026-03-07 21:17:00,137,success
CASE_00346,OTTAVA_007,colectomy,2026-02-24 14:00:00,2026-02-24 16:40:00,160,converted
CASE_00347,OTTAVA_006,colectomy,2026-03-02 16:00:00,2026-03-02 17:00:00,60,converted
CASE_00348,OTTAVA_001,colectomy,2026-02-13 18:00:00,2026-02-13 21:18:00,198,success
CASE_00349,OTTAVA_004,hysterectomy,2026-02-27 14:00:00,2026-02-27 17:40:00,220,success
CASE_00350,OTTAVA_004,hernia_repair,2026-02-14 13:00:00,2026-02-14 14:57:00,117,success
CASE_00351,OTTAVA_005,hernia_repair,2026-02-26 18:00:00,2026-02-26 21:15:00,195,success
CASE_00352,OTTAVA_003,colectomy,2026-02-14 11:00:00,2026-02-14 12:22:00,82,converted
CASE_00353,OTTAVA_008,hysterectomy,2026-02-28 12:00:00,2026-02-28 13:06:00,66,converted
CASE_00354,OTTAVA_004,hernia_repair,2026-02-14 17:00:00,2026-02-14 19:04:00,124,success
CASE_00355,OTTAVA_008,hernia_repair,2026-02-17 17:00:00,2026-02-17 18:50:00,110,converted
CASE_00356,OTTAVA_008,colectomy,2026-02-22 19:00:00,2026-02-22 22:02:00,182,converted
CASE_00357,OTTAVA_004,colectomy,2026-02-27 11:00:00,2026-02-27 13:58:00,178,converted
CASE_00358,OTTAVA_006,cholecystectomy,2026-02-24 12:00:00,2026-02-24 15:15:00,195,success
CASE_00359,OTTAVA_004,colectomy,2026-03-09 18:00:00,2026-03-09 21:44:00,224,success
CASE_00360,OTTAVA_006,cholecystectomy,2026-02-27 12:00:00,2026-02-27 13:23:00,83,success
CASE_00361,OTTAVA_008,hysterectomy,2026-02-28 19:00:00,2026-02-28 21:20:00,140,converted
CASE_00362,OTTAVA_003,colectomy,2026-03-01 11:00:00,2026-03-01 11:52:00,52,success
CASE_00363,OTTAVA_001,hysterectomy,2026-03-08 20:00:00,2026-03-08 21:37:00,97,success
CASE_00364,OTTAVA_004,hernia_repair,2026-03-03 16:00:00,2026-03-03 18:34:00,154,converted
CASE_00365,OTTAVA_003,cholecystectomy,2026-03-03 20:00:00,2026-03-03 22:11:00,131,converted
CASE_00366,OTTAVA_007,hernia_repair,2026-03-09 20:00:00,2026-03-09 20:58:00,58,success
CASE_00367,OTTAVA_008,hysterectomy,2026-02-24 19:00:00,2026-02-24 22:18:00,198,converted
CASE_00368,OTTAVA_002,cholecystectomy,2026-03-03 15:00:00,2026-03-03 18:09:00,189,success
CASE_00369,OTTAVA_007,colectomy,2026-03-06 13:00:00,2026-03-06 14:25:00,85,converted
CASE_00370,OTTAVA_004,colectomy,2026-03-06 20:00:00,2026-03-06 21:50:00,110,success
CASE_00371,OTTAVA_001,hysterectomy,2026-02-13 20:00:00,2026-02-13 21:51:00,111,success
CASE_00372,OTTAVA_003,colectomy,2026-03-01 20:00:00,2026-03-01 21:35:00,95,success
CASE_00373,OTTAVA_008,hysterectomy,2026-02-15 10:00:00,2026-02-15 11:11:00,71,success
CASE_00374,OTTAVA_005,hysterectomy,2026-02-27 19:00:00,2026-02-27 21:20:00,140,success
CASE_00375,OTTAVA_008,hernia_repair,2026-03-04 18:00:00,2026-03-04 21:38:00,218,success
CASE_00376,OTTAVA_004,cholecystectomy,2026-02-14 20:00:00,2026-02-14 21:25:00,85,success
CASE_00377,OTTAVA_006,hernia_repair,2026-02-11 18:00:00,2026-02-11 20:39:00,159,converted
CASE_00378,OTTAVA_007,hernia_repair,2026-02-13 20:00:00,2026-02-13 23:25:00,205,success
CASE_00379,OTTAVA_006,hernia_repair,2026-03-01 17:00:00,2026-03-01 19:47:00,167,success
CASE_00380,OTTAVA_003,hernia_repair,2026-03-01 17:00:00,2026-03-01 20:53:00,233,success
CASE_00381,OTTAVA_008,cholecystectomy,2026-02-22 18:00:00,2026-02-22 20:37:00,157,success
CASE_00382,OTTAVA_007,colectomy,2026-03-04 18:00:00,2026-03-04 18:51:00,51,success
CASE_00383,OTTAVA_005,hysterectomy,2026-03-01 18:00:00,2026-03-01 19:51:00,111,success
CASE_00384,OTTAVA_008,cholecystectomy,2026-02-11 13:00:00,2026-02-11 14:14:00,74,converted
CASE_00385,OTTAVA_001,hysterectomy,2026-02-19 10:00:00,2026-02-19 11:39:00,99,converted
CASE_00386,OTTAVA_002,hysterectomy,2026-03-03 17:00:00,2026-03-03 19:18:00,138,converted
CASE_00387,OTTAVA_004,hysterectomy,2026-02-10 17:00:00,2026-02-10 18:09:00,69,success
CASE_00388,OTTAVA_003,hernia_repair,2026-03-10 16:00:00,2026-03-10 17:21:00,81,success
CASE_00389,OTTAVA_006,hernia_repair,2026-02-23 18:00:00,2026-02-23 20:38:00,158,converted
CASE_00390,OTTAVA_005,hernia_repair,2026-03-06 15:00:00,2026-03-06 17:36:00,156,converted
CASE_00391,OTTAVA_004,cholecystectomy,2026-03-03 11:00:00,2026-03-03 12:31:00,91,converted
CASE_00392,OTTAVA_004,hernia_repair,2026-02-17 18:00:00,2026-02-17 19:35:00,95,converted
CASE_00393,OTTAVA_008,cholecystectomy,2026-02-15 16:00:00,2026-02-15 17:29:00,89,success
CASE_00394,OTTAVA_004,hernia_repair,2026-02-21 16:00:00,2026-02-21 17:36:00,96,success
CASE_00395,OTTAVA_007,colectomy,2026-02-13 20:00:00,2026-02-13 22:57:00,177,success
CASE_00396,OTTAVA_008,hysterectomy,2026-03-09 20:00:00,2026-03-09 22:29:00,149,success
CASE_00397,OTTAVA_005,colectomy,2026-03-04 18:00:00,2026-03-04 21:09:00,189,success
CASE_00398,OTTAVA_006,colectomy,2026-02-21 11:00:00,2026-02-21 11:46:00,46,success
CASE_00399,OTTAVA_008,colectomy,2026-02-23 19:00:00,2026-02-23 20:15:00,75,success
CASE_00400,OTTAVA_006,hernia_repair,2026-02-15 14:00:00,2026-02-15 17:12:00,192,success
CASE_00401,OTTAVA_002,hernia_repair,2026-02-16 13:00:00,2026-02-16 15:39:00,159,success
CASE_00402,OTTAVA_003,cholecystectomy,2026-03-11 17:00:00,2026-03-11 18:07:00,67,success
CASE_00403,OTTAVA_003,hernia_repair,2026-03-08 16:00:00,2026-03-08 17:49:00,109,success
CASE_00404,OTTAVA_004,hysterectomy,2026-03-03 20:00:00,2026-03-03 23:18:00,198,success
CASE_00405,OTTAVA_008,cholecystectomy,2026-03-08 15:00:00,2026-03-08 16:09:00,69,success
CASE_00406,OTTAVA_002,colectomy,2026-02-25 13:00:00,2026-02-25 16:14:00,194,success
CASE_00407,OTTAVA_002,cholecystectomy,2026-02-27 18:00:00,2026-02-27 21:03:00,183,converted
CASE_00408,OTTAVA_003,hysterectomy,2026-02-18 11:00:00,2026-02-18 13:43:00,163,success
CASE_00409,OTTAVA_001,hysterectomy,2026-02-19 14:00:00,2026-02-19 17:42:00,222,success
CASE_00410,OTTAVA_001,colectomy,2026-02-27 20:00:00,2026-02-27 22:17:00,137,success
CASE_00411,OTTAVA_006,colectomy,2026-02-17 14:00:00,2026-02-17 17:09:00,189,converted
CASE_00412,OTTAVA_001,colectomy,2026-03-01 12:00:00,2026-03-01 13:22:00,82,success
CASE_00413,OTTAVA_007,colectomy,2026-02-18 10:00:00,2026-02-18 10:47:00,47,success
CASE_00414,OTTAVA_003,cholecystectomy,2026-03-09 15:00:00,2026-03-09 17:35:00,155,success
CASE_00415,OTTAVA_001,hysterectomy,2026-03-04 18:00:00,2026-03-04 20:32:00,152,converted
CASE_00416,OTTAVA_008,hernia_repair,2026-02-19 20:00:00,2026-02-19 20:55:00,55,converted
CASE_00417,OTTAVA_005,colectomy,2026-02-10 10:00:00,2026-02-10 13:24:00,204,success
CASE_00418,OTTAVA_001,hernia_repair,2026-02-20 19:00:00,2026-02-20 20:49:00,109,success
CASE_00419,OTTAVA_007,hernia_repair,2026-03-04 20:00:00,2026-03-04 21:58:00,118,success
CASE_00420,OTTAVA_003,colectomy,2026-03-08 20:00:00,2026-03-08 23:17:00,197,success
CASE_00421,OTTAVA_003,cholecystectomy,2026-02-25 19:00:00,2026-02-25 21:55:00,175,converted
CASE_00422,OTTAVA_007,cholecystectomy,2026-02-21 16:00:00,2026-02-21 17:55:00,115,success
CASE_00423,OTTAVA_005,cholecystectomy,2026-02-13 13:00:00,2026-02-13 16:21:00,201,success
CASE_00424,OTTAVA_004,colectomy,2026-02-22 15:00:00,2026-02-22 17:42:00,162,success
CASE_00425,OTTAVA_008,cholecystectomy,2026-02-13 16:00:00,2026-02-13 16:52:00,52,success
CASE_00426,OTTAVA_004,hysterectomy,2026-02-23 12:00:00,2026-02-23 14:23:00,143,success
CASE_00427,OTTAVA_006,colectomy,2026-03-06 17:00:00,2026-03-06 19:07:00,127,success
CASE_00428,OTTAVA_005,hernia_repair,2026-02-11 17:00:00,2026-02-11 19:00:00,120,converted
CASE_00429,OTTAVA_003,colectomy,2026-02-22 19:00:00,2026-02-22 22:20:00,200,success
CASE_00430,OTTAVA_001,colectomy,2026-02-23 14:00:00,2026-02-23 16:37:00,157,success
CASE_00431,OTTAVA_002,cholecystectomy,2026-02-23 17:00:00,2026-02-23 20:38:00,218,success
CASE_00432,OTTAVA_006,colectomy,2026-03-07 10:00:00,2026-03-07 11:36:00,96,converted
CASE_00433,OTTAVA_002,cholecystectomy,2026-02-16 13:00:00,2026-02-16 14:53:00,113,success
CASE_00434,OTTAVA_002,hernia_repair,2026-03-11 14:00:00,2026-03-11 17:05:00,185,success
CASE_00435,OTTAVA_003,hernia_repair,2026-02-26 16:00:00,2026-02-26 19:24:00,204,success
CASE_00436,OTTAVA_008,colectomy,2026-02-17 13:00:00,2026-02-17 14:58:00,118,success
CASE_00437,OTTAVA_007,hysterectomy,2026-02-23 12:00:00,2026-02-23 15:17:00,197,success
CASE_00438,OTTAVA_001,hysterectomy,2026-02-14 13:00:00,2026-02-14 15:22:00,142,success
CASE_00439,OTTAVA_005,hysterectomy,2026-02-14 18:00:00,2026-02-14 20:36:00,156,success
CASE_00440,OTTAVA_002,cholecystectomy,2026-02-13 15:00:00,2026-02-13 17:07:00,127,converted
CASE_00441,OTTAVA_004,hernia_repair,2026-02-26 20:00:00,2026-02-26 20:51:00,51,success
CASE_00442,OTTAVA_008,hysterectomy,2026-03-02 12:00:00,2026-03-02 14:04:00,124,success
CASE_00443,OTTAVA_007,hernia_repair,2026-02-27 13:00:00,2026-02-27 15:16:00,136,success
CASE_00444,OTTAVA_006,hernia_repair,2026-02-25 20:00:00,2026-02-25 23:38:00,218,success
CASE_00445,OTTAVA_002,hysterectomy,2026-02-26 15:00:00,2026-02-26 17:53:00,173,success
CASE_00446,OTTAVA_003,hysterectomy,2026-02-11 17:00:00,2026-02-11 19:32:00,152,success
CASE_00447,OTTAVA_006,hernia_repair,2026-02-17 12:00:00,2026-02-17 15:56:00,236,success
CASE_00448,OTTAVA_006,cholecystectomy,2026-02-28 19:00:00,2026-02-28 21:04:00,124,success
CASE_00449,OTTAVA_005,hysterectomy,2026-02-17 15:00:00,2026-02-17 17:55:00,175,success
CASE_00450,OTTAVA_005,cholecystectomy,2026-02-13 12:00:00,2026-02-13 13:38:00,98,success
